{
  "ShowLibrarySection": false,
  "PathColumnWidth": 200,
  "IsPinnedSectionExpanded": true,
  "OpenInIDEOption": 0,
  "DateModifiedColumnWidth": 200,
  "LeaveAppRunning": true,
  "SizeColumnWidth": 100,
  "ShowFileTagsSection": true,
  "AlwaysOpenDualPaneInNewTab": false,
  "ShowCreateAlternateDataStream": false,
  "ShowHiddenItems": true,
  "SelectFilesOnHover": false,
  "AppThemeAddressBarBackgroundColor": "",
  "OpenSpecificPageOnStartup": false,
  "ShowHomeButton": false,
  "ShowSystemTrayIcon": true,
  "GridViewSize": 8,
  "ShowCompressionOptions": true,
  "TypeColumnWidth": 140,
  "DefaultSortOption": 0,
  "ShowGitLastCommitDateColumn": false,
  "GitLastCommitDateColumnWidth": 140,
  "ShowDateDeletedColumn": true,
  "OpenFoldersInNewTab": false,
  "ShowFlattenOptions": false,
  "OpenItemsWithOneClick": false,
  "GitLastCommitMessageColumnWidth": 140,
  "ShowToolbar": true,
  "ShowGitCommitAuthorColumn": false,
  "AppThemeToolbarBackgroundColor": "",
  "IsFileTagsSectionExpanded": false,
  "ShowFileTagsWidget": true,
  "ShowSendToMenu": true,
  "AppThemeInfoPaneBackgroundColor": "",
  "ShowSizeColumn": true,
  "AppThemeBackgroundImageSource": "",
  "ShowNetworkSection": true,
  "GitLastCommitShaColumnWidth": 80,
  "AppThemeBackgroundImageHorizontalAlignment": 1,
  "DefaultGroupByDateUnit": 0,
  "NameColumnWidth": 240,
  "ShowTabActions": true,
  "ListViewSize": 2,
  "ShowCreateShortcut": true,
  "ShowTypeColumn": true,
  "ShowOriginalPathColumn": true,
  "SyncFolderPreferencesAcrossDirectories": true,
  "ColumnsViewSize": 2,
  "AppThemeBackgroundColor": "#00000000",
  "ShowFileExtensionWarning": true,
  "ShowDateColumn": true,
  "ShowQuickAccessWidget": true,
  "IsInfoPaneEnabled": false,
  "AppThemeFontFamily": "Segoe UI Variable",
  "ShowDotFiles": true,
  "ShowDrivesSection": true,
  "ShowSyncStatusColumn": true,
  "AppThemeBackdropMaterial": 3,
  "ShowThumbnails": true,
  "DateDeletedColumnWidth": 200,
  "RecentFilesWidgetExpanded": false,
  "AppThemeFileAreaBackgroundColor": "",
  "ContinueLastSessionOnStartUp": true,
  "ShowEditTagsMenu": true,
  "DefaultLayoutMode": 0,
  "ShowCreateFolderWithSelection": true,
  "ShowFileExtensions": true,
  "DrivesWidgetExpanded": true,
  "NetworkLocationsWidgetExpanded": false,
  "AppThemeFileAreaSecondaryBackgroundColor": "",
  "ShowCheckboxesWhenSelectingItems": true,
  "DateTimeFormat": 0,
  "IsDriveSectionExpanded": true,
  "DeleteConfirmationPolicy": 0,
  "TabsOnStartupList": null,
  "IsNetworkSectionExpanded": false,
  "ShowGitLastCommitShaColumn": false,
  "GitStatusColumnWidth": 80,
  "ColumnLayoutOpenFoldersWithOneClick": true,
  "ShowDrivesWidget": true,
  "IsSidebarOpen": true,
  "AppThemeBackgroundImageFit": 3,
  "DefaultDirectoryGroupDirection": 0,
  "RestoreTabsOnStartup": false,
  "AppThemeBackgroundImageOpacity": 1,
  "ShowDateCreatedColumn": false,
  "OriginalPathColumnWidth": 200,
  "OpenTabInExistingInstance": true,
  "ActionsV2": null,
  "DefaultSortFilesFirst": false,
  "FoldersWidgetExpanded": true,
  "MoveShellExtensionsToSubMenu": true,
  "ShowGitStatusColumn": false,
  "DetailsViewSize": 2,
  "GitCommitAuthorColumnWidth": 140,
  "ShowFileTagColumn": true,
  "TagColumnWidth": 140,
  "DefaultGroupOption": 0,
  "SidebarWidth": 255,
  "DateCreatedColumnWidth": 200,
  "ShowNetworkLocationsWidget": true,
  "SyncStatusColumnWidth": 50,
  "CalculateFolderSizes": false,
  "AppThemeMode": "Default",
  "DefaultSortDirectoriesAlongsideFiles": false,
  "AreAlternateStreamsVisible": false,
  "AppThemeSidebarBackgroundColor": "",
  "ShowOpenInNewPane": true,
  "ShellPaneArrangementOption": 1,
  "ShowProtectedSystemFiles": false,
  "DoubleClickToGoUp": true,
  "OpenNewTabOnStartup": false,
  "ShowWslSection": true,
  "ShowOpenInNewWindow": true,
  "ShowPinnedSection": true,
  "ShowOpenInNewTab": true,
  "ShowGitLastCommitMessageColumn": false,
  "AppThemeBackgroundImageVerticalAlignment": 1,
  "ShowCloudDrivesSection": true,
  "ShowPathColumn": true,
  "ShowRecentFilesWidget": true,
  "ScrollToPreviousFolderWhenNavigatingUp": true,
  "ShowCopyPath": true,
  "DefaultDirectorySortDirection": 0
}